Anio,Pa√≠s,Regiones.economicas,Ocup_TOTAL_ECONOMIA,Ocup_INDUSTRIA
1991,DEU,Developed,38871000,10064000
1992,DEU,Developed,38360000,9316000
1993,DEU,Developed,37863000,8667000
1994,DEU,Developed,37879000,8225000
1995,DEU,Developed,38042000,8037000
1996,DEU,Developed,38057000,7841000
1997,DEU,Developed,38040000,7714000
1998,DEU,Developed,38495000,7768000
1999,DEU,Developed,39120000,7747000
2000,DEU,Developed,39971000,7838000
2001,DEU,Developed,39859000,7855000
2002,DEU,Developed,39666000,7685000
2003,DEU,Developed,39237000,7483000
2004,DEU,Developed,39362000,7368000
2005,DEU,Developed,39311000,7245000
2006,DEU,Developed,39595000,7165000
2007,DEU,Developed,40272000,7274000
2008,DEU,Developed,40838000,7458000
2009,DEU,Developed,40903000,7278000
2010,DEU,Developed,41048000,7140000
2011,DEU,Developed,41544000,7285000
2012,DEU,Developed,42019000,7412000
2013,DEU,Developed,42350000,7436000
2014,DEU,Developed,42721000,7481000
2015,DEU,Developed,43122000,7508000
2016,DEU,Developed,43661000,7530000
2017,DEU,Developed,44262000,7594000
2018,DEU,Developed,44868000,7719000
2019,DEU,Developed,45269000,7758000
2020,DEU,NA,NA,NA
1929,NA,NA,5102743.44440316,NA
1930,NA,NA,5211161.95825392,NA
1931,NA,NA,5240846.59947938,NA
1932,NA,NA,5197015.37141992,NA
1933,NA,NA,5279807.69108778,NA
1934,NA,NA,5503370.14531696,NA
1935,ARG,NA,5575262.63578485,NA
1936,ARG,NA,5719859.30612914,NA
1937,ARG,NA,5902141.55615418,NA
1938,ARG,NA,6062160.32526012,NA
1939,ARG,NA,6167448.03710665,NA
1940,ARG,NA,6286882.33578717,NA
1941,ARG,NA,6420927.04382085,NA
1942,ARG,NA,6565987.53668428,NA
1943,ARG,NA,6706525.75998603,NA
1944,ARG,NA,6824452.63547932,NA
1945,ARG,NA,6942959.28912156,NA
1946,ARG,NA,7082337.95612543,NA
1947,ARG,NA,7267287.18563557,NA
1948,ARG,NA,7463629.4344029,NA
1949,ARG,NA,7639208.00549698,NA
1950,ARG,NA,7774856.42721944,NA
1951,ARG,NA,8070339.53256946,NA
1952,ARG,NA,7880386.10770159,NA
1953,ARG,NA,8142784.23214369,NA
1954,ARG,NA,8250481.54930601,NA
1955,ARG,NA,8404611.92588048,NA
1956,ARG,NA,8480935.55425081,NA
1957,ARG,NA,8651380.24899711,NA
1958,ARG,NA,8833918.07469597,NA
1959,ARG,NA,8712302.24832411,NA
1960,ARG,NA,8746870.3490658309,NA
1961,ARG,NA,8787028.67071958,NA
1962,ARG,NA,8639401.20418563,NA
1963,ARG,NA,8525315.06312385,NA
1964,ARG,NA,8735461.73495965,NA
1965,ARG,NA,8917543.21609426,NA
1966,ARG,NA,8971962.30538073,NA
1967,ARG,NA,9202758.56874871,NA
1968,ARG,NA,9317415.1405158,NA
1969,ARG,NA,9633890.09582119,NA
1970,ARG,Latin American,9822588.57313738,1920551.48577293
1971,ARG,Latin American,10026802.765638,1975238.65535654
1972,ARG,Latin American,10198730.5802181,2037251.84199757
1973,ARG,Latin American,10398609.4993583,2098336.37858907
1974,ARG,Latin American,10767107.7349879,2214830.36813604
1975,ARG,Latin American,11071945.903905,2316053.22353512
1976,ARG,Latin American,11083696.7764343,2306766.7230398
1977,ARG,Latin American,11166637.4009862,2280661.33831404
1978,ARG,Latin American,11149980.8243912,2239078.45276273
1979,ARG,Latin American,11283575.6955746,2228037.83550717
1980,ARG,Latin American,11387736.342364,2200281.51736002
1981,ARG,Latin American,11308524.319745,2098054.59465383
1982,ARG,Latin American,11450753.9269438,2091869.76985308
1983,ARG,Latin American,11329509.6403811,2081021.6543907
1984,ARG,Latin American,11641341.6454066,2153157.33849501
1985,ARG,Latin American,11679654.1408232,2137185.02573585
1986,ARG,Latin American,12064509.0114365,2116515.80324286
1987,ARG,Latin American,12067014.2531312,2128514.55856383
1988,ARG,Latin American,12172829.9811085,2108266.21714204
1989,ARG,Latin American,12430199.5313014,2128408.0946796
1990,ARG,Latin American,12446440.5798587,2422979.26322674
1991,ARG,Latin American,12924178.5473007,2214738.92459277
1992,ARG,Latin American,13117813.2921676,2229963.94110308
1993,ARG,Latin American,13229772.210341001,2084301.7842125
1994,ARG,Latin American,13032363.6283606,1996359.5197048
1995,ARG,Latin American,12650976.4302781,1826075.65654732
1996,ARG,Latin American,12879382.940832,1856025.06031638
1997,ARG,Latin American,13632739.3816417,1962991.38381495
1998,ARG,Latin American,14187407.3076929,1985476.46596608
1999,ARG,Latin American,14321467.6399274,1902022.26095418
2000,ARG,Latin American,14344159.8368021,1863743.42373708
2001,ARG,Latin American,14021452.0024606,1804964.24678065
2002,ARG,Latin American,13241236.2266573,1717438.98575951
2003,ARG,Latin American,13909964.9143927,1890656.26127109
2004,ARG,Latin American,14914171.5238794,2015306.05489496
2005,ARG,Latin American,15786035.1383534,2106765.02258202
2006,ARG,Latin American,16872942.0039526,2178422.86313123
2007,ARG,Latin American,17701422.8306828,2260594.61042652
2008,ARG,Latin American,16561640.4625557,2276185.35303963
2009,ARG,Latin American,16966676.0732285,2199778.66223009
2010,ARG,Latin American,17386801.5559112,2249067.4689526
2011,ARG,Latin American,17996894.7558867,2313751.78645235
2012,ARG,Latin American,18354581.765954,2342393.50940163
2013,ARG,Latin American,18750543.5845708,2383441.08839242
2014,ARG,Latin American,19155754.7491151,2359286.17157015
2015,ARG,Latin American,19486725.2446029,2366762.70351237
2016,ARG,Latin American,20019909.8126906,2334272.19020379
2017,ARG,Latin American,20356860.9614878,2340451.94698534
2018,ARG,Latin American,20554552.4562781,2307470.0799927
2019,ARG,Latin American,20821500,2189223.4400377
2020,ARG,NA,NA,NA
1959,AUS,NA,NA,NA
1960,AUS,NA,NA,NA
1961,AUS,NA,NA,NA
1962,AUS,NA,NA,NA
1963,AUS,NA,NA,NA
1964,AUS,NA,NA,NA
1965,AUS,NA,NA,NA
1966,AUS,NA,NA,NA
1967,AUS,NA,NA,NA
1968,AUS,NA,NA,NA
1969,AUS,NA,NA,NA
1970,AUS,Developed,NA,NA
1971,AUS,Developed,NA,NA
1972,AUS,Developed,NA,NA
1973,AUS,Developed,NA,NA
1974,AUS,Developed,NA,NA
1975,AUS,Developed,NA,1367781.48231713
1976,AUS,Developed,NA,1321308.59797586
1977,AUS,Developed,NA,1295959.75197152
1978,AUS,Developed,NA,1264273.69446611
1979,AUS,Developed,6110624,1263217.49254926
1980,AUS,Developed,6284270,1276948.11746827
1981,AUS,Developed,6416457,1271667.10788404
1982,AUS,Developed,6414892,1280116.72321882
1983,AUS,Developed,6300370,1170271.72386671
1984,AUS,Developed,6493853,1122742.63760858
1985,AUS,Developed,6697425,1133304.65677705
1986,AUS,Developed,6974489,1138884.70797874
1987,AUS,Developed,7128735,1151195.8160496
1988,AUS,Developed,7398242,1186498.71747133
1989,AUS,Developed,7719769,1223419.90454155
1990,AUS,Developed,7858817,1189652.35162882
1991,AUS,Developed,7670535,1114087.51470128
1992,AUS,Developed,7634416,1101111.89808601
1993,AUS,Developed,7653395,1090945.01849939
1994,AUS,Developed,7899284,1124611.42855909
1995,AUS,Developed,8188812,1128897.86267052
1996,AUS,Developed,8298890,1132311.4339603
1997,AUS,Developed,8366658,1150287.55322939
1998,AUS,Developed,8517424,1115465.08035955
1999,AUS,Developed,8672615,1083305.69881001
2000,AUS,Developed,8901733,1142078.79927744
2001,AUS,Developed,9015015,1110592.01770055
2002,AUS,Developed,9190266,1123540.3257455
2003,AUS,Developed,9396537,1104713.59508242
2004,AUS,Developed,9558361,1109752.5320204
2005,AUS,Developed,9880634,1096162.97828723
2006,AUS,Developed,10124228,1086822.43580987
2007,AUS,Developed,10434269,1108813.92634427
2008,AUS,Developed,10731170,1124308
2009,AUS,Developed,10805576,1073259
2010,AUS,Developed,11022243,1061906
2011,AUS,Developed,11213816,1025813
2012,AUS,Developed,11350802,1036098
2013,AUS,Developed,11456709,993554
2014,AUS,Developed,11540162,1004477
2015,AUS,Developed,11766268,971764
2016,AUS,Developed,11973087,981710
2017,AUS,Developed,12252011,961847
2018,AUS,Developed,12584064,1001370
2019,AUS,Developed,12874061,NA
2020,AUS,NA,NA,NA
1950,NA,NA,NA,NA
1951,NA,NA,NA,NA
1955,BEL,NA,NA,NA
1956,BEL,NA,NA,NA
1957,BEL,NA,NA,NA
1958,BEL,NA,NA,NA
1959,BEL,NA,NA,NA
1960,BEL,NA,NA,NA
1961,BEL,NA,NA,NA
1962,BEL,NA,NA,NA
1963,BEL,NA,NA,NA
1964,BEL,NA,NA,NA
1965,BEL,NA,NA,NA
1966,BEL,NA,NA,NA
1967,BEL,NA,NA,NA
1968,BEL,NA,NA,NA
1969,BEL,NA,NA,NA
1970,BEL,Developed,3812087.70975572,1192467.81961979
1971,BEL,Developed,3836481.2183895,1196659.2706553598
1972,BEL,Developed,3828419.84429164,1181989.19203086
1973,BEL,Developed,3861084.1133634797,1141122.54443405
1974,BEL,Developed,3922957.7768937903,1153696.89754076
1975,BEL,Developed,3868098.55576032,1082442.2299360598
1976,BEL,Developed,3850091.33050277,1038431.99406257
1977,BEL,Developed,3835538.97985858,998613.209224656
1978,BEL,Developed,3842448.7290853197,955650.836110059
1979,BEL,Developed,3879300.7249612403,927568.114171737
1980,BEL,Developed,3873817.94364299,909335.302167005
1981,BEL,Developed,3801584.8909310796,859980.966223164
1982,BEL,Developed,3751162.56634654,827916.36580105
1983,BEL,Developed,3712502.51942295,808426.1184856469
1984,BEL,Developed,3706645.98348745,799833.6438627279
1985,BEL,Developed,3727879.85224754,787783.222135463
1986,BEL,Developed,3751993.83011715,776047.159235866
1987,BEL,Developed,3769094.4125216203,756661.6981963529
1988,BEL,Developed,3824801.64833291,751736.743229557
1989,BEL,Developed,3886029.35500369,765778.104198718
1990,BEL,Developed,3940755.6158111403,768712.119923618
1991,BEL,Developed,3946612.1517466498,756347.3393686849
1992,BEL,Developed,3929227.8508512,738114.5273639531
1993,BEL,Developed,3887244.84270858,759034.059482486
1994,BEL,Developed,3849036.02334814,733247.2048488971
1995,BEL,Developed,3868800,677700
1996,BEL,Developed,3879000,666900
1997,BEL,Developed,3905400,657400
1998,BEL,Developed,3973900,656600
1999,BEL,Developed,4028700,648400
2000,BEL,Developed,4109700,655200
2001,BEL,Developed,4166000,662000
2002,BEL,Developed,4175500,639700
2003,BEL,Developed,4171600.0000000005,620300
2004,BEL,Developed,4212800,608400
2005,BEL,Developed,4273200,603200
2006,BEL,Developed,4321400,597500
2007,BEL,Developed,4393400,593800
2008,BEL,Developed,4471600,593300
2009,BEL,Developed,4464200,563000
2010,BEL,Developed,4492900,544800
2011,BEL,Developed,4553000,545900
2012,BEL,Developed,4572400,538000
2013,BEL,Developed,4559000,525600
2014,BEL,Developed,4577100,512200.00000000006
2015,BEL,Developed,4617300,499500
2016,BEL,Developed,4675200,499300
2017,BEL,Developed,4748500,503000
2018,BEL,Developed,4818100,506300
2019,BEL,Developed,4893800,510200
1967,BRA,NA,33068355.3144598,NA
1968,BRA,NA,33950870.7266532,NA
1969,BRA,NA,34875564.1053787,NA
1970,BRA,Latin American,35844943.8068007,4025960.67574533
1971,BRA,Latin American,37670027.2301089,4019464.95542406
1972,BRA,Latin American,39495110.6534171,4012968.2556516
1973,BRA,Latin American,44443301.1029092,4725064.53422405
1974,BRA,Latin American,45554244.9089149,4973637.49394867
1975,BRA,Latin American,46768308.737764,5235288.08602092
1976,BRA,Latin American,48094166.6137771,5510702.9057281
1977,BRA,Latin American,52538271.7228158,6140309.80470811
1978,BRA,Latin American,54044997.7033997,6110645.16638329
1979,BRA,Latin American,53101166.2864024,6249643.0031855
1980,BRA,Latin American,52376745.459097,5600603.79250857
1981,BRA,Latin American,54315142.6526162,6432152.95929897
1982,BRA,Latin American,57083435.7640511,6629920.80611881
1983,BRA,Latin American,57255507.4261649,6399614.61116977
1984,BRA,Latin American,59892172.5134756,6730540.80677081
1985,BRA,Latin American,65383217.372856,7690451.94984342
1986,BRA,Latin American,65530866.9221551,8470147.99095103
1987,BRA,Latin American,67521651.4180561,8493202.31316484
1988,BRA,Latin American,69543603.6202424,8798760.7228309
1989,BRA,Latin American,71181103.7004588,9104319.13249695
1990,BRA,Latin American,72740621.4122797,8902721.631507
1991,BRA,Latin American,73300137.9092953,8458932.29532395
1992,BRA,Latin American,73573439.2430573,8078219.61606032
1993,BRA,Latin American,74043800.6480052,8093499.05469297
1994,BRA,Latin American,75008116.0310108,8155400.37017911
1995,BRA,Latin American,76025328.4463575,8121217.52349452
1996,BRA,Latin American,74210562.8884606,7829928.73827969
1997,BRA,Latin American,74655469.1487373,7644910.40765736
1998,BRA,Latin American,75454884.8628489,7472722.88768168
1999,BRA,Latin American,76500780.5213841,7567631.70841913
2000,BRA,Latin American,80899057.3651022,8288409.84237875
2001,BRA,Latin American,79992730.0433718,8182955.48092975
2002,BRA,Latin American,82416556.501815,8473069.55851566
2003,BRA,Latin American,83770061.7851934,8799399.1288695
2004,BRA,Latin American,87942470.47146,9537250.08213372
2005,BRA,Latin American,90538825.9826591,10300309.9030506
2006,BRA,Latin American,93049796.3537071,10316040.4877465
2007,BRA,Latin American,94551693.6782182,10743801.6248384
2008,BRA,Latin American,95720196.0944417,11082510.8958468
2009,BRA,Latin American,96559172.9317518,10940625.9802362
2010,BRA,Latin American,98116218,11604977
2011,BRA,Latin American,99560157,11771205
2012,BRA,Latin American,100960268,11945979
2013,BRA,Latin American,102537398,12120622
2014,BRA,Latin American,105472678,11915829
2015,BRA,Latin American,101955076,11213515
2016,BRA,Latin American,100362394,10591800
2017,BRA,Latin American,101617954,10739251
2018,BRA,Latin American,104340275,10919213
2019,BRA,Latin American,NA,NA
1929,CAN,NA,NA,NA
1930,CAN,NA,NA,NA
1931,CAN,NA,NA,NA
1932,CAN,NA,NA,NA
1933,CAN,NA,NA,NA
1934,CAN,NA,NA,NA
1935,CAN,NA,NA,NA
1936,CAN,NA,NA,NA
1937,CAN,NA,NA,NA
1938,CAN,NA,NA,NA
1939,CAN,NA,NA,NA
1940,CAN,NA,NA,NA
1941,CAN,NA,NA,NA
1942,CAN,NA,NA,NA
1943,CAN,NA,NA,NA
1944,CAN,NA,NA,NA
1945,CAN,NA,NA,NA
1946,CAN,NA,NA,NA
1947,CAN,NA,NA,NA
1948,CAN,NA,NA,NA
1949,CAN,NA,NA,NA
1950,CAN,NA,NA,NA
1951,CAN,NA,NA,NA
1952,CAN,NA,NA,NA
1953,CAN,NA,NA,NA
1954,CAN,NA,NA,NA
1955,CAN,NA,NA,NA
1956,CAN,NA,NA,NA
1957,CAN,NA,NA,NA
1958,CAN,NA,NA,NA
1959,CAN,NA,NA,NA
1960,CAN,NA,NA,NA
1961,CAN,NA,NA,NA
1962,CAN,NA,NA,NA
1963,CAN,NA,NA,NA
1964,CAN,NA,NA,NA
1965,CAN,NA,NA,NA
1966,CAN,NA,NA,NA
1967,CAN,NA,NA,NA
1968,CAN,NA,NA,NA
1969,CAN,NA,NA,NA
1970,CAN,Developed,NA,1796913.73286751
1971,CAN,Developed,NA,1788137.59742005
1972,CAN,Developed,NA,1839697.39317388
1973,CAN,Developed,NA,1920876.64606289
1974,CAN,Developed,NA,1959272.23864553
1975,CAN,Developed,NA,1912100.51061543
1976,CAN,Developed,9747485,1913197.52754636
1977,CAN,Developed,9917142,1870413.86723999
1978,CAN,Developed,10220284,1963660.30636926
1979,CAN,Developed,10668571,2034966.40687987
1980,CAN,Developed,10984047,2032772.37301801
1981,CAN,Developed,11305034,2026409.6748186
1982,CAN,Developed,10943676,1865696.69443698
1983,CAN,Developed,11022001,1833005.58989519
1984,CAN,Developed,11301720,1883358.66702499
1985,CAN,Developed,11658004,1935905.77801666
1986,CAN,Developed,12008506,1980005.85864015
1987,CAN,Developed,12333023,2041000
1988,CAN,Developed,12709584,2100300
1989,CAN,Developed,12996160,2129700
1990,CAN,Developed,13086393,2050100
1991,CAN,Developed,12857365,1890200
1992,CAN,Developed,12730914,1814500
1993,CAN,Developed,12792745,1779200
1994,CAN,Developed,13058745,1823200
1995,CAN,Developed,13295376,1903800
1996,CAN,Developed,13420125,1924500
1997,CAN,Developed,13708166,2021200
1998,CAN,Developed,14047007,2103300
1999,CAN,Developed,14401978,2188200
2000,CAN,Developed,14760127,2242300
2001,CAN,Developed,14932301,2222000
2002,CAN,Developed,15291331,2288900
2003,CAN,Developed,15660837,2277400
2004,CAN,Developed,15915033,2297200
2005,CAN,Developed,16123509,2203400
2006,CAN,Developed,16395999,2102200
2007,CAN,Developed,16769291,2026000
2008,CAN,Developed,17010210,1927200
2009,CAN,Developed,16727611,1745100
2010,CAN,Developed,16964254,1710700
2011,CAN,Developed,17221036,1721800
2012,CAN,Developed,17437986,1746500
2013,CAN,Developed,17691121,1723100
2014,CAN,Developed,17802189,1711000
2015,CAN,Developed,17946601,1712400
2016,CAN,Developed,18079902,1694800
2017,CAN,Developed,18416371,1724800
2018,CAN,Developed,18657548,1728400
2019,CAN,Developed,19055731,1733000
1955,CHL,NA,NA,NA
1956,CHL,NA,NA,NA
1957,CHL,NA,NA,NA
1958,CHL,NA,NA,NA
1959,CHL,NA,NA,NA
1960,CHL,NA,NA,NA
1961,CHL,NA,NA,NA
1962,CHL,NA,NA,NA
1963,CHL,NA,NA,NA
1964,CHL,NA,NA,NA
1965,CHL,NA,NA,NA
1966,CHL,NA,NA,NA
1967,CHL,NA,NA,NA
1968,CHL,NA,NA,NA
1969,CHL,NA,NA,NA
1970,CHL,Latin American,NA,411270.224979569
1971,CHL,Latin American,NA,425997.716197026
1972,CHL,Latin American,NA,439539.076027953
1973,CHL,Latin American,NA,468296.080571259
1974,CHL,Latin American,NA,481217.942686625
1975,CHL,Latin American,2797706.6804343,456700
1976,CHL,Latin American,2863222.40077585,467300
1977,CHL,Latin American,2906178.4626979,472200
1978,CHL,Latin American,3070276.79996849,486100
1979,CHL,Latin American,3093660.5554992,496100
1980,CHL,Latin American,3354384.27905968,524100
1981,CHL,Latin American,3369527.06347825,516200
1982,CHL,Latin American,3031853.27215811,373900
1983,CHL,Latin American,3312664.36280445,405900
1984,CHL,Latin American,3450185.56823837,463400
1985,CHL,Latin American,3832669.63998079,494700
1986,CHL,Latin American,4013043.89519787,531300
1987,CHL,Latin American,4131404.84279605,607300
1988,CHL,Latin American,4394703.86982908,670500
1989,CHL,Latin American,4558184.13426625,746000
1990,CHL,Latin American,4593826.33432628,716200
1991,CHL,Latin American,4677163.15469784,753000
1992,CHL,Latin American,4917078.42620016,813220
1993,CHL,Latin American,5135907.11286928,835250
1994,CHL,Latin American,5138503.01876961,818830
1995,CHL,Latin American,5177204.67935502,817730
1996,CHL,Latin American,5458304.20399028,859600
1997,CHL,Latin American,5542217.8923397,860800
1998,CHL,Latin American,5595979.92763255,818550
1999,CHL,Latin American,5567270.44452062,775480
2000,CHL,Latin American,5543557.05014542,754170
2001,CHL,Latin American,5644447.13898585,781800
2002,CHL,Latin American,5697910.43907589,780400
2003,CHL,Latin American,5846041.8948167,797200
2004,CHL,Latin American,6039498.6916743,805100
2005,CHL,Latin American,6082866.80215196,775000
2006,CHL,Latin American,6604108.22499513,838000
2007,CHL,Latin American,6763880.05243184,857000
2008,CHL,Latin American,6943438.45150881,865362
2009,CHL,Latin American,6791164.87766276,NA
2010,CHL,Latin American,7345366.06446895,802981
2011,CHL,Latin American,7693298.2230436,860287
2012,CHL,Latin American,7873784.3223103,907307.787175626
2013,CHL,Latin American,8037406.13970128,908087.013606931
2014,CHL,Latin American,8157456.85176746,914893.719109691
2015,CHL,Latin American,8289814.80575546,925443.67899692
2016,CHL,Latin American,8398796.39057013,893956.066272043
2017,CHL,Latin American,8595946.5079712,926092.469242439
2018,CHL,Latin American,8785109.31908982,906826.374266989
2019,CHL,Latin American,8969531.81420733,880078.868912346
2020,NA,NA,NA,NA
1978,CHN,East Asia,464556852.702053,79440708.7167556
1979,CHN,East Asia,474645853.886457,82517677.8520771
1980,CHN,East Asia,490114884.372177,88156881.5090044
1981,CHN,East Asia,505896303.656039,91542691.4125551
1982,CHN,East Asia,524061133.770161,95466113.0237642
1983,CHN,East Asia,537262452.980487,99275149.1652588
1984,CHN,East Asia,557637144.592569,109695665.456254
1985,CHN,East Asia,577028389.988282,118777871.75159
1986,CHN,East Asia,593330457.269045,128294742.83184
1987,CHN,East Asia,610696960.454584,134128401.787282
1988,CHN,East Asia,628641961.414459,139001222.797122
1989,CHN,East Asia,640154067.123727,136988038.530146
1990,CHN,East Asia,647490000,138560000
1991,CHN,East Asia,654910000,140150000
1992,CHN,East Asia,661520000,143550000
1993,CHN,East Asia,668080000,149650000
1994,CHN,East Asia,674550000,153120000
1995,CHN,East Asia,680650000,156550000
1996,CHN,East Asia,689500000,162030000
1997,CHN,East Asia,698200000,165470000
1998,CHN,East Asia,706370000,166000000
1999,CHN,East Asia,NA,167761644.167205
2000,CHN,East Asia,720850000,162191250
2001,CHN,East Asia,727970000,162337310
2002,CHN,East Asia,732800000,156819200
2003,CHN,East Asia,737360000,159269760
2004,CHN,East Asia,742640000,167094000
2005,CHN,East Asia,746470000,177660000
2006,CHN,East Asia,749780000,188944560
2007,CHN,East Asia,753210000,201860280
2008,CHN,East Asia,755640000,205534080
2009,CHN,East Asia,758280000,210801840
2010,CHN,East Asia,761050000,218421350
2011,CHN,East Asia,764200000,225440000
2012,CHN,East Asia,767040000,232410000
2013,CHN,East Asia,769770000,231700000
2014,CHN,East Asia,772530000,230990000
2015,CHN,East Asia,774510000,226930000
2016,CHN,East Asia,776030000,223500000
2017,CHN,East Asia,776400000,218240000
2018,CHN,East Asia,775860000,213900000
2019,CHN,East Asia,774710000,NA
1950,NA,NA,NA,NA
1951,NA,NA,NA,NA
1952,NA,NA,NA,NA
1953,NA,NA,NA,NA
1954,NA,NA,NA,NA
1955,DNK,NA,NA,NA
1956,DNK,NA,NA,NA
1957,DNK,NA,NA,NA
1958,DNK,NA,NA,NA
1959,DNK,NA,NA,NA
1960,DNK,NA,NA,NA
1961,DNK,NA,NA,NA
1962,DNK,NA,NA,NA
1963,DNK,NA,NA,NA
1964,DNK,NA,NA,NA
1965,DNK,NA,NA,NA
1966,DNK,NA,NA,NA
1967,DNK,NA,NA,NA
1968,DNK,NA,NA,NA
1969,DNK,NA,NA,NA
1970,DNK,Developed,NA,NA
1971,DNK,Developed,NA,NA
1972,DNK,Developed,NA,NA
1973,DNK,Developed,NA,NA
1974,DNK,Developed,NA,NA
1975,DNK,Developed,2444230,479470
1976,DNK,Developed,2485990,478260
1977,DNK,Developed,2480330,471180
1978,DNK,Developed,2501280,464120
1979,DNK,Developed,2529760,465320
1980,DNK,Developed,2515240,452510
1981,DNK,Developed,2475760,435340
1982,DNK,Developed,2486920,429090
1983,DNK,Developed,2488700,427780
1984,DNK,Developed,2524680,447640
1985,DNK,Developed,2583410,468960
1986,DNK,Developed,2646560,481580
1987,DNK,Developed,2666530,469860
1988,DNK,Developed,2653700,453270
1989,DNK,Developed,2645220,447810
1990,DNK,Developed,2634090,448740
1991,DNK,Developed,2608540,440300
1992,DNK,Developed,2587470,429540
1993,DNK,Developed,2545280,417190
1994,DNK,Developed,2595820,418770
1995,DNK,Developed,2612020,429840
1996,DNK,Developed,2637970,424880
1997,DNK,Developed,2674420,419840
1998,DNK,Developed,2712120,416430
1999,DNK,Developed,2734770,406620
2000,DNK,Developed,2755150,400890
2001,DNK,Developed,2782470,403180
2002,DNK,Developed,2784200,392590
2003,DNK,Developed,2758650,375950
2004,DNK,Developed,2744150,360410
2005,DNK,Developed,2783160,353500
2006,DNK,Developed,2845940,352220
2007,DNK,Developed,2912410,361880
2008,DNK,Developed,2946870,363570
2009,DNK,Developed,2854350,317190
2010,DNK,Developed,2787860,289020
2011,DNK,Developed,2786630,288850
2012,DNK,Developed,2766810,283340
2013,DNK,Developed,2766400,278240
2014,DNK,Developed,2790510,279650
2015,DNK,Developed,2829000,283170
2016,DNK,Developed,2876450,286510
2017,DNK,Developed,2919560,290040
2018,DNK,Developed,2965750,294500
2019,DNK,Developed,3002810,300700
2020,NA,NA,NA,NA
1929,USA,NA,43348530.9645957,NA
1930,USA,NA,41436533.867967,NA
1931,USA,NA,38886301.6687338,NA
1932,USA,NA,35924421.3693765,NA
1933,USA,NA,37292970.7548765,NA
1934,USA,NA,40380331.5058067,NA
1935,USA,NA,41726312.4647649,NA
1936,USA,NA,44383970.3743375,NA
1937,USA,NA,45313789.5478633,NA
1938,USA,NA,43927185.4211298,NA
1939,USA,NA,45045676.6405457,NA
1940,USA,NA,46569496.8006539,NA
1941,USA,NA,50440433.3211185,NA
1942,USA,NA,54314078.052768,NA
1943,USA,NA,59062474.9971812,NA
1944,USA,NA,60026598.1790506,NA
1945,USA,NA,58584927.0915548,NA
1946,USA,NA,53763408.445146,NA
1947,USA,NA,54286093.2038561,NA
1948,USA,NA,55557146.9866952,NA
1949,USA,NA,54545178.740557,NA
1950,USA,NA,56348847.3897846,NA
1951,USA,NA,59683558.0956139,NA
1952,USA,NA,60789410.9961664,NA
1953,USA,NA,61740895.8591724,NA
1954,USA,NA,60227005.8067426,NA
1955,USA,NA,61592846.9810576,NA
1956,USA,NA,63034518.0685534,NA
1957,USA,NA,63308047.398241,NA
1958,USA,NA,61792351.8716879,NA
1959,USA,NA,63205135.37321,NA
1960,USA,NA,64080790.3230353,NA
1961,USA,NA,64146690.1285376,NA
1962,USA,NA,65522461.410531,NA
1963,USA,NA,66207638.8403427,NA
1964,USA,NA,67639379.8201601,NA
1965,USA,NA,69707550.4284586,NA
1966,USA,NA,72929419.0015785,NA
1967,USA,NA,74593163.4062465,NA
1968,USA,NA,76477175.6539632,NA
1969,USA,NA,78582358.4817905,NA
1970,USA,Developed,78400005.595332,17901166.8582562
1971,USA,Developed,78263692.299019,17128122.7269796
1972,USA,Developed,80178397.6068328,17554234.5723567
1973,USA,Developed,83519427.4720938,18531763.0575754
1974,USA,Developed,84947557.5036644,18515379.9662549
1975,USA,Developed,83548315.0580674,16939723.9041748
1976,USA,Developed,85667038.9418198,17590196.4471593
1977,USA,Developed,88629821.9782388,18259025.2414645
1978,USA,Developed,92887129.9611004,19061800.7525978
1979,USA,Developed,96081013.6853084,19541768.2381091
1980,USA,Developed,96618142.2370053,18872947.5166611
1981,USA,Developed,97475742.445597,18779655.5860463
1982,USA,Developed,95895952.5876649,17493884.5139984
1983,USA,Developed,96822160.812944,17147264.5885203
1984,USA,Developed,100989195.089638,18001761.6904103
1985,USA,Developed,103195484.468373,17878127.113858
1986,USA,Developed,104935961.523283,17617370.3104591
1987,USA,Developed,107803957.168226,17656200.7167638
1988,USA,Developed,110874165.914985,17998037.5338583
1989,USA,Developed,113357595.571654,18046618.6058468
1990,USA,Developed,114734269.590709,17777742.640797
1991,USA,Developed,113652790.590822,17142473.8144816
1992,USA,Developed,113752091.667606,16808755.0207012
1993,USA,Developed,115648742.234187,16836574.2933354
1994,USA,Developed,118207099.066975,17148948.1098437
1995,USA,Developed,120741081.999098,17311988.663808
1996,USA,Developed,122758699.331943,17263609.5660481
1997,USA,Developed,125354068.38426,17438561.6468068
1998,USA,Developed,128102000,17573000
1999,USA,Developed,130444000,17371000
2000,USA,Developed,133220000,17272000
2001,USA,Developed,133317000,16481000
2002,USA,Developed,131888000,15288000
2003,USA,Developed,131669000,14539000
2004,USA,Developed,132902000,14337000
2005,USA,Developed,135147000,14267000
2006,USA,Developed,137481000,14215000
2007,USA,Developed,138616000,13939000
2008,USA,Developed,137190000,13436000
2009,USA,Developed,130484000,11835000
2010,USA,Developed,129378000,11523000
2011,USA,Developed,130588000,11719000
2012,USA,Developed,133050000,11960000
2013,USA,Developed,134948000,12015000
2014,USA,Developed,137488000,12196000
2015,USA,Developed,140515000,12361000
2016,USA,Developed,142491000,12306000
2017,USA,Developed,144517000,12464000
2018,USA,Developed,147141000,12647000
2019,USA,Developed,148945000,12778000
2020,NA,NA,NA,NA
1970,ESP,Developed,NA,2233466.14387664
1971,ESP,Developed,13547797.3124145,2271974.18084003
1972,ESP,Developed,13691842.1635258,2337321.1526567
1973,ESP,Developed,14027585.8014544,2430673.96953764
1974,ESP,Developed,14100149.7490067,2519359.14557454
1975,ESP,Developed,13851049.6305436,2541530.43958377
1976,ESP,Developed,13703755.6474523,2561367.91317097
1977,ESP,Developed,13593285.1601339,2538029.70895073
1978,ESP,Developed,13229382.378379,2815754.33917155
1979,ESP,Developed,12945624.8521297,2751574.2775659
1980,ESP,Developed,12653202.9739339,2780747.03284119
1981,ESP,Developed,12349689.0794879,2608773.23626846
1982,ESP,Developed,12243845.9802892,2482085.22248579
1983,ESP,Developed,12201187.0756194,2430361.39626191
1984,ESP,Developed,11928410.0580271,2370980.20019631
1985,ESP,Developed,11806049.7168647,2304331.81873952
1986,ESP,Developed,12079592.6034816,2344325.72491923
1987,ESP,Developed,12658461.9412361,2428020.28955871
1988,ESP,Developed,13101772.4616377,2474939.96973539
1989,ESP,Developed,13576534.6699825,2555927.62974929
1990,ESP,Developed,14092475.1028829,2643402.10625332
1991,ESP,Developed,14261476.867643,2610041.33573269
1992,ESP,Developed,14062963.616468601,2527224.68610691
1993,ESP,Developed,13663996.912591,2393098.78123594
1994,ESP,Developed,13599485.2117528,2346276.64717189
1995,ESP,Developed,13858400,2385100
1996,ESP,Developed,14058800,2472800
1997,ESP,Developed,14584500,2597700
1998,ESP,Developed,15223300,2702900
1999,ESP,Developed,15916200,2803600
2000,ESP,Developed,16706500,2887600
2001,ESP,Developed,17244800,2863400
2002,ESP,Developed,17672500,2820000
2003,ESP,Developed,18238700,2801300
2004,ESP,Developed,18906900,2793400
2005,ESP,Developed,19704400,2778600
2006,ESP,Developed,20512300,2729400
2007,ESP,Developed,21173000,2663600
2008,ESP,Developed,21196100,2628800
2009,ESP,Developed,19852500,2280300
2010,ESP,Developed,19505900,2176300
2011,ESP,Developed,19010800,2072500
2012,ESP,Developed,18248100,1917000
2013,ESP,Developed,17802800,1813200
2014,ESP,Developed,17987700,1793200
2015,ESP,Developed,18490800,1832300
2016,ESP,Developed,18885400,1897100
2017,ESP,Developed,19382100,1948800
2018,ESP,Developed,19824300,1984100
2019,ESP,Developed,20266200,2029200
1950,NA,NA,NA,NA
1951,NA,NA,NA,NA
1952,NA,NA,NA,NA
1953,NA,NA,NA,NA
1954,NA,NA,NA,NA
1955,FIN,NA,NA,NA
1956,FIN,NA,NA,NA
1957,FIN,NA,NA,NA
1958,FIN,NA,NA,NA
1959,FIN,NA,NA,NA
1960,FIN,NA,NA,NA
1961,FIN,NA,NA,NA
1962,FIN,NA,NA,NA
1963,FIN,NA,NA,NA
1964,FIN,NA,NA,NA
1965,FIN,NA,NA,NA
1966,FIN,NA,NA,NA
1967,FIN,NA,NA,NA
1968,FIN,NA,NA,NA
1969,FIN,NA,NA,NA
1970,FIN,Developed,NA,487635.084745763
1971,FIN,Developed,NA,501136.55367231596
1972,FIN,Developed,NA,515481.86440678
1973,FIN,Developed,NA,536683.389830509
1974,FIN,Developed,NA,552927.3446327681
1975,FIN,Developed,NA,547758.813559322
1976,FIN,Developed,NA,545332.768361582
1977,FIN,Developed,NA,530249.096045198
1978,FIN,Developed,NA,515165.42372881394
1979,FIN,Developed,NA,533413.502824859
1980,FIN,Developed,2360100,560100
1981,FIN,Developed,2398800,557000
1982,FIN,Developed,2413700,546400
1983,FIN,Developed,2406300,536800
1984,FIN,Developed,2414200,530100
1985,FIN,Developed,2425800,524900
1986,FIN,Developed,2416500,508300
1987,FIN,Developed,2440700,500100
1988,FIN,Developed,2448700,494500
1989,FIN,Developed,2476700,489900
1990,FIN,Developed,2468400,479400
1991,FIN,Developed,2331700,437100
1992,FIN,Developed,2176100,394400
1993,FIN,Developed,2051100,371700
1994,FIN,Developed,2017500,376900
1995,FIN,Developed,2058699.9999999998,395400
1996,FIN,Developed,2093500,397800
1997,FIN,Developed,2164600,411500
1998,FIN,Developed,2207800,423800
1999,FIN,Developed,2253300,431800
2000,FIN,Developed,2299800,440200
2001,FIN,Developed,2335500,444000
2002,FIN,Developed,2364400,434700
2003,FIN,Developed,2370000,422700
2004,FIN,Developed,2382500,411800
2005,FIN,Developed,2418900,412600
2006,FIN,Developed,2464400,415700
2007,FIN,Developed,2518900,420500
2008,FIN,Developed,2575100,426300
2009,FIN,Developed,2509800,383600
2010,FIN,Developed,2494700,365900
2011,FIN,Developed,2534500,370000
2012,FIN,Developed,2556100,368600
2013,FIN,Developed,2536700,355100
2014,FIN,Developed,2525700,345100
2015,FIN,Developed,2523800,339800
2016,FIN,Developed,2535200,336500
2017,FIN,Developed,2561800,336600
2018,FIN,Developed,2626100,342300
2019,FIN,Developed,2670100,342000
2020,NA,NA,NA,NA
1950,FRA,NA,NA,NA
1951,FRA,NA,NA,NA
1952,FRA,NA,NA,NA
1953,FRA,NA,NA,NA
1954,FRA,NA,NA,NA
1955,FRA,NA,NA,NA
1956,FRA,NA,NA,NA
1957,FRA,NA,NA,NA
1958,FRA,NA,NA,NA
1959,FRA,NA,NA,NA
1960,FRA,NA,NA,NA
1961,FRA,NA,NA,NA
1962,FRA,NA,NA,NA
1963,FRA,NA,NA,NA
1964,FRA,NA,NA,NA
1965,FRA,NA,NA,NA
1966,FRA,NA,NA,NA
1967,FRA,NA,NA,NA
1968,FRA,NA,NA,NA
1969,FRA,NA,NA,NA
1970,FRA,Developed,NA,NA
1971,FRA,Developed,NA,NA
1972,FRA,Developed,NA,NA
1973,FRA,Developed,NA,NA
1974,FRA,Developed,NA,NA
1975,FRA,Developed,21876000,4975000
1976,FRA,Developed,22058000,4960000
1977,FRA,Developed,22254000,4960000
1978,FRA,Developed,22387000,4909000
1979,FRA,Developed,22538000,4829000
1980,FRA,Developed,22641000,4768000
1981,FRA,Developed,22618000,4604000
1982,FRA,Developed,22677000,4522000
1983,FRA,Developed,22652000,4429000
1984,FRA,Developed,22536000,4284000
1985,FRA,Developed,22487000,4164000
1986,FRA,Developed,22597000,4082000
1987,FRA,Developed,22797000,3978000
1988,FRA,Developed,23020000,3915000
1989,FRA,Developed,23420000,3931000
1990,FRA,Developed,23632000,3942000
1991,FRA,Developed,23686000,3877000
1992,FRA,Developed,23537000,3748000
1993,FRA,Developed,23294000,3577000
1994,FRA,Developed,23411000,3485000
1995,FRA,Developed,23645000,3497000
1996,FRA,Developed,23779000,3469000
1997,FRA,Developed,23963000,3436000
1998,FRA,Developed,24382000,3435000
1999,FRA,Developed,24968000,3420000
2000,FRA,Developed,25602000,3436000
2001,FRA,Developed,25970000,3456000
2002,FRA,Developed,26098000,3395000
2003,FRA,Developed,26105000,3322000
2004,FRA,Developed,26141000,3213000
2005,FRA,Developed,26321000,3144000
2006,FRA,Developed,26607000,3085000
2007,FRA,Developed,26992000,3052000
2008,FRA,Developed,27129000,3016000
2009,FRA,Developed,26819000,2863000
2010,FRA,Developed,26846000,2732000
2011,FRA,Developed,27048000,2715000
2012,FRA,Developed,27140000,2700000
2013,FRA,Developed,27190000,2667000
2014,FRA,Developed,27334000,2654000
2015,FRA,Developed,27391000,2600000
2016,FRA,Developed,27567000,2585000
2017,FRA,Developed,27881000,2569000
2018,FRA,Developed,28163000,2576000
2019,FRA,Developed,28480000,2590000
1950,ITA,NA,NA,NA
1951,ITA,NA,NA,NA
1952,ITA,NA,NA,NA
1953,ITA,NA,NA,NA
1954,ITA,NA,NA,NA
1955,ITA,NA,NA,NA
1956,ITA,NA,NA,NA
1957,ITA,NA,NA,NA
1958,ITA,NA,NA,NA
1959,ITA,NA,NA,NA
1960,ITA,NA,NA,NA
1961,ITA,NA,NA,NA
1962,ITA,NA,NA,NA
1963,ITA,NA,NA,NA
1964,ITA,NA,NA,NA
1965,ITA,NA,NA,NA
1966,ITA,NA,NA,NA
1967,ITA,NA,NA,NA
1968,ITA,NA,NA,NA
1969,ITA,NA,NA,NA
1970,ITA,Developed,19994549.1346629,5086713.73705242
1971,ITA,Developed,20000869.0951047,5163697.94778291
1972,ITA,Developed,19949205.9264143,5071964.42565078
1973,ITA,Developed,20231698.1264766,5211543.27501261
1974,ITA,Developed,20545990.7624123,5380980.4864802
1975,ITA,Developed,20561740.5051005,5363353.26065873
1976,ITA,Developed,20769797.6155156,5421271.28835784
1977,ITA,Developed,20833599.1209274,5544032.32532879
1978,ITA,Developed,20902717.4184569,5522358.03235443
1979,ITA,Developed,21135151.5191473,5620656.7967568
1980,ITA,Developed,21440716.5906635,5711401.03580712
1981,ITA,Developed,21423361.7786569,5530272.29700897
1982,ITA,Developed,21467200.2344194,5413716.76300578
1983,ITA,Developed,21536418.8487812,5227281.86949607
1984,ITA,Developed,21535215.0467923,5017373.9864996
1985,ITA,Developed,21739058.8502463,4971507.22543353
1986,ITA,Developed,21888631.2473674,4970428.00752609
1987,ITA,Developed,21938589.0299068,4943537.49466579
1988,ITA,Developed,22174032.6355695,5043185.28145246
1989,ITA,Developed,22325410.7356739,5102632.20118711
1990,ITA,Developed,22681134.2233943,5137077.23939947
1991,ITA,Developed,23105574.7413146,5047771.95755906
1992,ITA,Developed,22937945.31436,4849285.7974163
1993,ITA,Developed,22321799.3297072,4632812.67214959
1994,ITA,Developed,21954238.4557625,4611947.79260581
1995,ITA,Developed,21910400,4636500
1996,ITA,Developed,22044600,4577000
1997,ITA,Developed,22115800,4559500
1998,ITA,Developed,22341400,4640700
1999,ITA,Developed,22585300,4606300
2000,ITA,Developed,23028600,4573700
2001,ITA,Developed,23481000,4569500
2002,ITA,Developed,23875400,4593000
2003,ITA,Developed,24226200,4620800
2004,ITA,Developed,24373300,4572700
2005,ITA,Developed,24510800,4532200
2006,ITA,Developed,24994400,4572500
2007,ITA,Developed,25303600,4598800
2008,ITA,Developed,25359700,4551600
2009,ITA,Developed,24941800,4328900
2010,ITA,Developed,24782800,4166800
2011,ITA,Developed,24849700,4135800
2012,ITA,Developed,24782600,4058200
2013,ITA,Developed,24338800,3942100
2014,ITA,Developed,24357300,3868900
2015,ITA,Developed,24516200,3833400
2016,ITA,Developed,24848700,3866800
2017,ITA,Developed,25138300,3891400
2018,ITA,Developed,25370900,3933900
2019,ITA,Developed,25502500,3945900
1950,JPN,NA,NA,NA
1951,JPN,NA,NA,NA
1952,JPN,NA,NA,NA
1953,JPN,NA,42029508.3695525,NA
1954,JPN,NA,42566558.0548266,NA
1955,JPN,NA,43930664.2554229,NA
1956,JPN,NA,44800684.745567,NA
1957,JPN,NA,45982194.05317,NA
1958,JPN,NA,46164790.9461632,NA
1959,JPN,NA,46562207.7132661,NA
1960,JPN,NA,47647048.0775198,NA
1961,JPN,NA,48312989.6872597,NA
1962,JPN,NA,48935967.3221777,NA
1963,JPN,NA,49354866.0766915,NA
1964,JPN,NA,49999325.6990204,NA
1965,JPN,NA,50804900.2269316,NA
1966,JPN,NA,51846776.6163634,NA
1967,JPN,NA,52845689.0309733,NA
1968,JPN,NA,53726450.5148228,NA
1969,JPN,NA,54134608.2756312,NA
1970,JPN,East Asia,54714621.9357272,13833108.4388867
1971,JPN,East Asia,55100601.5591853,13894043.0482947
1972,JPN,East Asia,55387070.8109707,13903564.0810147
1973,JPN,East Asia,56638489.1214013,14487203.3867506
1974,JPN,East Asia,56400267.3225482,14348196.3090386
1975,JPN,East Asia,56261555.895368,13546525.3540147
1976,JPN,East Asia,56721917.0087633,13477973.9184307
1977,JPN,East Asia,57402407.1261621,13342775.253806701
1978,JPN,East Asia,57962278.6112303,13154258.8059508
1979,JPN,East Asia,58558335.6859977,13130456.2241508
1980,JPN,East Asia,58959392.6384971,13383715.6945027
1981,JPN,East Asia,59408666.4065782,13527785.7742342
1982,JPN,East Asia,59894123.296921,13459697.8598405
1983,JPN,East Asia,60800711.5269192,13688631.137222
1984,JPN,East Asia,61007759.3931937,13983678.766261
1985,JPN,East Asia,61338432.9271953,14117881.0323122
1986,JPN,East Asia,61652019.9867955,14048806.3365506
1987,JPN,East Asia,61896256.0620611,13866251.7834662
1988,JPN,East Asia,62614893.073645,14164259.7566093
1989,JPN,East Asia,63537562.691315,14463254.5111204
1990,JPN,East Asia,64597929.1909249,14687253.8816618
1991,JPN,East Asia,65911577.5463658,15044468.7368863
1992,JPN,East Asia,66655341.7261869,15069138.2710869
1993,JPN,East Asia,66907618.4952884,14580681.4939152
1994,JPN,East Asia,66983000,14109000
1995,JPN,East Asia,67214000,13706000
1996,JPN,East Asia,67281000,13520000
1997,JPN,East Asia,67765000,13483000
1998,JPN,East Asia,66989000,12917000
1999,JPN,East Asia,66091000,12552000
2000,JPN,East Asia,65610000,12271000
2001,JPN,East Asia,65370000,11996000
2002,JPN,East Asia,64607000,11483000
2003,JPN,East Asia,64641000,11297000
2004,JPN,East Asia,65010000,11127000
2005,JPN,East Asia,65531000,10897000
2006,JPN,East Asia,65989000,11105000
2007,JPN,East Asia,66513000,11211000
2008,JPN,East Asia,66411000,11054000
2009,JPN,East Asia,65646000,10416000
2010,JPN,East Asia,65560000,10240000
2011,JPN,East Asia,65354000,10228000
2012,JPN,East Asia,64897000,10209000
2013,JPN,East Asia,65162000,10256000
2014,JPN,East Asia,65428000,10421000
2015,JPN,East Asia,65518000,10496000
2016,JPN,East Asia,66138000,10564000
2017,JPN,East Asia,66832000,10649000
2018,JPN,East Asia,68006000,10771000
2019,JPN,East Asia,68615000,10809000
2020,NA,NA,NA,NA
1929,KOR,NA,NA,NA
1930,KOR,NA,NA,NA
1931,KOR,NA,NA,NA
1932,KOR,NA,NA,NA
1933,KOR,NA,NA,NA
1934,KOR,NA,NA,NA
1935,KOR,NA,NA,NA
1936,KOR,NA,NA,NA
1937,KOR,NA,NA,NA
1938,KOR,NA,NA,NA
1939,KOR,NA,NA,NA
1940,KOR,NA,NA,NA
1941,KOR,NA,NA,NA
1942,KOR,NA,NA,NA
1943,KOR,NA,NA,NA
1944,KOR,NA,NA,NA
1945,KOR,NA,NA,NA
1946,KOR,NA,NA,NA
1947,KOR,NA,NA,NA
1948,KOR,NA,NA,NA
1949,KOR,NA,NA,NA
1950,KOR,NA,NA,NA
1951,KOR,NA,NA,NA
1952,KOR,NA,NA,NA
1953,KOR,NA,NA,NA
1954,KOR,NA,NA,NA
1955,KOR,NA,NA,NA
1956,KOR,NA,NA,NA
1957,KOR,NA,NA,NA
1958,KOR,NA,NA,NA
1959,KOR,NA,NA,NA
1960,KOR,NA,NA,NA
1961,KOR,NA,NA,NA
1962,KOR,NA,NA,NA
1963,KOR,NA,7563000,NA
1964,KOR,NA,7698000,NA
1965,KOR,NA,8112000,NA
1966,KOR,NA,8325000,NA
1967,KOR,NA,8624000,NA
1968,KOR,NA,9061000,NA
1969,KOR,NA,9285000,NA
1970,KOR,East Asia,9617000,1704000
1971,KOR,East Asia,9946000,1801000
1972,KOR,East Asia,10379000,1936000
1973,KOR,East Asia,10942000,2227000
1974,KOR,East Asia,11421000,2547000
1975,KOR,East Asia,11691000,2811000
1976,KOR,East Asia,12412000,3310000
1977,KOR,East Asia,12812000,3559000
1978,KOR,East Asia,13412000,3974000
1979,KOR,East Asia,13602000,4119000
1980,KOR,East Asia,13683000,3966000
1981,KOR,East Asia,14023000,3891000
1982,KOR,East Asia,14379000,4005000
1983,KOR,East Asia,14505000,4222000
1984,KOR,East Asia,14429000,4433000
1985,KOR,East Asia,14970000,4611000
1986,KOR,East Asia,15505000,4942000
1987,KOR,East Asia,16354000,5566000
1988,KOR,East Asia,16869000,5882000
1989,KOR,East Asia,17560000,6174000
1990,KOR,East Asia,18085000,6406000
1991,KOR,East Asia,18649000,6715000
1992,KOR,East Asia,19009000,6653000
1993,KOR,East Asia,19234000,6484000
1994,KOR,East Asia,19848000,6606000
1995,KOR,East Asia,20414000,6799000
1996,KOR,East Asia,20853000,6760000
1997,KOR,East Asia,21214000,6589000
1998,KOR,East Asia,19938000,5558000
1999,KOR,East Asia,20291000,5563000
2000,KOR,East Asia,21173000,5954000
2001,KOR,East Asia,21614000,5928000
2002,KOR,East Asia,22232000,6057000
2003,KOR,East Asia,22222000,6114000
2004,KOR,East Asia,22682000,6198000
2005,KOR,East Asia,22831000,6136900
2006,KOR,East Asia,23188000,6096200
2007,KOR,East Asia,23561000,5966700
2008,KOR,East Asia,23775000,5888000
2009,KOR,East Asia,23688000,5746500
2010,KOR,East Asia,24033000,5944500
2011,KOR,East Asia,24527000,6005000
2012,KOR,East Asia,24955000,6041300
2013,KOR,East Asia,25299000,6117000
2014,KOR,East Asia,25897000,6332877.40886928
2015,KOR,East Asia,26178000,6538813.09496169
2016,KOR,East Asia,26409000,6510408.17274205
2017,KOR,East Asia,26725000,6484843.74274437
2018,KOR,East Asia,26822000,6405309.96052937
2019,KOR,East Asia,27123000,6290270.02553982
1963,MYS,NA,NA,NA
1964,MYS,NA,NA,NA
1965,MYS,NA,NA,NA
1966,MYS,NA,NA,NA
1967,MYS,NA,NA,NA
1968,MYS,NA,NA,NA
1969,MYS,NA,NA,NA
1970,MYS,East Asia,NA,NA
1971,MYS,East Asia,NA,NA
1972,MYS,East Asia,NA,NA
1973,MYS,East Asia,NA,NA
1974,MYS,East Asia,NA,NA
1975,MYS,East Asia,NA,448000
1976,MYS,East Asia,NA,623000
1977,MYS,East Asia,NA,663000
1978,MYS,East Asia,NA,665000
1979,MYS,East Asia,NA,707000
1980,MYS,East Asia,NA,749000
1981,MYS,East Asia,NA,789000
1982,MYS,East Asia,5249000,816000
1983,MYS,East Asia,5457000,894100
1984,MYS,East Asia,5566700,858400
1985,MYS,East Asia,5653400,850400
1986,MYS,East Asia,5760100,874000
1987,MYS,East Asia,5983900,928900
1988,MYS,East Asia,6157200,978100
1989,MYS,East Asia,6390900,1171100
1990,MYS,East Asia,6685000,1332800
1991,MYS,East Asia,0,NA
1992,MYS,East Asia,7047800,1639600
1993,MYS,East Asia,7383400,1726900
1994,MYS,East Asia,0,NA
1995,MYS,East Asia,7645000,1780500
1996,MYS,East Asia,8399300,1912100
1997,MYS,East Asia,8569200,2002500
1998,MYS,East Asia,8599600,1907800
1999,MYS,East Asia,8837800,1990700
2000,MYS,East Asia,9269200,2174200
2001,MYS,East Asia,9357000,2184100
2002,MYS,East Asia,9542600,2068900
2003,MYS,East Asia,9869700,2131000
2004,MYS,East Asia,9979500,2023000
2005,MYS,East Asia,10045400,1989300
2006,MYS,East Asia,10275400,2082800.0000000002
2007,MYS,East Asia,10538100,1977300
2008,MYS,East Asia,10659600,1944700
2009,MYS,East Asia,10897300,1807100
2010,MYS,East Asia,11899500,2108500
2011,MYS,East Asia,12351500,2244000
2012,MYS,East Asia,12820500,2263700
2013,MYS,East Asia,13545400,2315800
2014,MYS,East Asia,13852600,2372500
2015,MYS,East Asia,14067700,2322700
2016,MYS,East Asia,14163700,2390600
2017,MYS,East Asia,14476800,2513300
2018,MYS,East Asia,14776000,2499900
2019,MYS,East Asia,15073400,2681500
2020,NA,NA,NA,NA
1950,NA,NA,NA,NA
1951,NA,NA,NA,NA
1952,NA,NA,NA,NA
1953,NA,NA,NA,NA
1954,NA,NA,NA,NA
1955,MEX,NA,NA,NA
1956,MEX,NA,NA,NA
1957,MEX,NA,NA,NA
1958,MEX,NA,NA,NA
1959,MEX,NA,NA,NA
1960,MEX,NA,NA,NA
1961,MEX,NA,NA,NA
1962,MEX,NA,NA,NA
1963,MEX,NA,NA,NA
1964,MEX,NA,NA,NA
1965,MEX,NA,NA,NA
1966,MEX,NA,NA,NA
1967,MEX,NA,NA,NA
1968,MEX,NA,NA,NA
1969,MEX,NA,NA,NA
1970,MEX,Latin American,NA,2392282.68274651
1971,MEX,Latin American,NA,2524920.92485555
1972,MEX,Latin American,NA,2713216.27468736
1973,MEX,Latin American,NA,2886825.01191939
1974,MEX,Latin American,NA,3167570.62246075
1975,MEX,Latin American,NA,3279366.19667247
1976,MEX,Latin American,NA,3498947.56947611
1977,MEX,Latin American,NA,3530436.5617951
1978,MEX,Latin American,NA,3765978.459173
1979,MEX,Latin American,NA,4157700.65968347
1980,MEX,Latin American,NA,4457521.10639821
1981,MEX,Latin American,NA,4596949.50639697
1982,MEX,Latin American,NA,4700462.61589721
1983,MEX,Latin American,NA,4494079.53301377
1984,MEX,Latin American,NA,4718639.67493797
1985,MEX,Latin American,NA,5046774.12123211
1986,MEX,Latin American,NA,5216840.59912445
1987,MEX,Latin American,NA,5455034.33503121
1988,MEX,Latin American,NA,5646373.88247798
1989,MEX,Latin American,NA,5983833.85339507
1990,MEX,Latin American,31643163.5503835,6235008.32090093
1991,MEX,Latin American,32562364.0116788,6321263.87067183
1992,MEX,Latin American,33430861.6654944,6382091.06730719
1993,MEX,Latin American,34143874.3942535,6268072.16022105
1994,MEX,Latin American,34585446.9028947,6095177.14726302
1995,MEX,Latin American,33288913.5982856,5710083.84462858
1996,MEX,Latin American,34966020.0062383,6038283.65583688
1997,MEX,Latin American,36454220.9253521,6470537.51299599
1998,MEX,Latin American,38260851.6188998,6792192.78259547
1999,MEX,Latin American,39130179.5813148,6919488.78914709
2000,MEX,Latin American,40162132.6189012,7097621.23674545
2001,MEX,Latin American,39807896.5071727,6745918.2687118
2002,MEX,Latin American,39136764.1765729,6293339.51740783
2003,MEX,Latin American,40208780.0140968,6996169.02042787
2004,MEX,Latin American,41396805.0948909,7018611.63051393
2005,MEX,Latin American,42079136.25,7059369.5
2006,MEX,Latin American,43378461,7280574
2007,MEX,Latin American,44231248.25,7306289.75
2008,MEX,Latin American,44943527,7161090.75
2009,MEX,Latin American,45435351.75,6834800.5
2010,MEX,Latin American,46121621.25,7085997
2011,MEX,Latin American,47138887.25,7212160.75
2012,MEX,Latin American,48706734,7442988.5
2013,MEX,Latin American,49227312.5,7710812
2014,MEX,Latin American,49415411.5,7888378.5
2015,MEX,Latin American,50611331.75,8115912
2016,MEX,Latin American,51594748.25,8411674
2017,MEX,Latin American,52340749.25,8691338
2018,MEX,Latin American,53721194.5,8940657
2019,MEX,Latin American,54993593.5,9112884.5
1964,NOR,NA,NA,NA
1965,NOR,NA,NA,NA
1966,NOR,NA,NA,NA
1967,NOR,NA,NA,NA
1968,NOR,NA,NA,NA
1969,NOR,NA,NA,NA
1970,NOR,Developed,NA,NA
1971,NOR,Developed,NA,NA
1972,NOR,Developed,NA,NA
1973,NOR,Developed,NA,NA
1974,NOR,Developed,NA,NA
1975,NOR,Developed,1736000,368000
1976,NOR,Developed,1794000,367000
1977,NOR,Developed,1844000,367000
1978,NOR,Developed,1876000,358000
1979,NOR,Developed,1902000,353000
1980,NOR,Developed,1948000,352000
1981,NOR,Developed,1973000,347000
1982,NOR,Developed,1974000,334000
1983,NOR,Developed,1970000,315000
1984,NOR,Developed,1984000,312000
1985,NOR,Developed,2039000,314000
1986,NOR,Developed,2106000,316000
1987,NOR,Developed,2149000,316000
1988,NOR,Developed,2137000,302000
1989,NOR,Developed,2076000,280000
1990,NOR,Developed,2058000,270000
1991,NOR,Developed,2038000,261000
1992,NOR,Developed,2034000,256000
1993,NOR,Developed,2049000,260000
1994,NOR,Developed,2077000,266000
1995,NOR,Developed,2120000,273000
1996,NOR,Developed,2163000,277000
1997,NOR,Developed,2226000,289000
1998,NOR,Developed,2285000,295000
1999,NOR,Developed,2306000,284000
2000,NOR,Developed,2320000,275000
2001,NOR,Developed,2335000,264000
2002,NOR,Developed,2323000,257000
2003,NOR,Developed,2288000,243000
2004,NOR,Developed,2294000,231000
2005,NOR,Developed,2318000,232000
2006,NOR,Developed,2392000,245000
2007,NOR,Developed,2485000,249000
2008,NOR,Developed,2564000,251000
2009,NOR,Developed,2555000,240000
2010,NOR,Developed,2547000,230000
2011,NOR,Developed,2584000,229000
2012,NOR,Developed,2637000,231000
2013,NOR,Developed,2666000,234000
2014,NOR,Developed,2694000,234000
2015,NOR,Developed,2707000,227000
2016,NOR,Developed,2715000,217000
2017,NOR,Developed,2747000,213000
2018,NOR,Developed,2792000,216000
2019,NOR,Developed,2838000,220000
2020,NA,NA,NA,NA
1950,NA,NA,NA,NA
1951,NA,NA,NA,NA
1952,NA,NA,NA,NA
1953,NA,NA,NA,NA
1954,NA,NA,NA,NA
1955,NDL,NA,NA,NA
1956,NDL,NA,NA,NA
1957,NDL,NA,NA,NA
1958,NDL,NA,NA,NA
1959,NDL,NA,NA,NA
1960,NDL,NA,NA,NA
1961,NDL,NA,NA,NA
1962,NDL,NA,NA,NA
1963,NDL,NA,NA,NA
1964,NDL,NA,NA,NA
1965,NDL,NA,NA,NA
1966,NDL,NA,NA,NA
1967,NDL,NA,NA,NA
1968,NDL,NA,NA,NA
1969,NDL,NA,5355105.55250137,NA
1970,NDL,Developed,5441010.995052231,1303571.47227477
1971,NDL,Developed,5508936.22869709,1283042.78767202
1972,NDL,Developed,5498947.22374931,1243125.90094445
1973,NDL,Developed,5569869.15887851,1222597.21634169
1974,NDL,Developed,5622810.885101699,1213473.35651825
1975,NDL,Developed,5629803.18856515,1171275.5048348098
1976,NDL,Developed,5698727.32270478,1122234.75828379
1977,NDL,Developed,5727695.43705332,1127937.17067345
1978,NDL,Developed,5793622.86970863,1099425.1087251802
1979,NDL,Developed,5924478.83452446,1089160.7664238
1980,NDL,Developed,6026366.68499175,1076615.4591665699
1981,NDL,Developed,6004390.87410665,968269.623763151
1982,NDL,Developed,5924478.83452446,921509.8421679931
1983,NDL,Developed,5869539.30731171,890716.8152638649
1984,NDL,Developed,5925477.73501924,878171.5080066271
1985,NDL,Developed,6039352.391423861,908964.534910756
1986,NDL,Developed,6207167.67454645,919228.877212132
1987,NDL,Developed,6343018.14183617,927460.879737836
1988,NDL,Developed,6457891.69873557,860165.570645058
1989,NDL,Developed,6632699.28532161,876017.136605816
1990,NDL,Developed,6821491.47883452,890050.773496754
1991,NDL,Developed,6937363.9362287,892248.483231726
1992,NDL,Developed,7027264.9807586605,882670.711382064
1993,NDL,Developed,7064224.29906542,820745.9342778621
1994,NDL,Developed,7119163.82627817,848058.208659346
1995,NDL,Developed,7268000,932000
1996,NDL,Developed,7420000,918000
1997,NDL,Developed,7648000,931000
1998,NDL,Developed,7830000,937000
1999,NDL,Developed,8055000,939000
2000,NDL,Developed,8203000,943000
2001,NDL,Developed,8367000,941000
2002,NDL,Developed,8427000,919000
2003,NDL,Developed,8380000,889000
2004,NDL,Developed,8285000,860000
2005,NDL,Developed,8340000,844000
2006,NDL,Developed,8521000,839000
2007,NDL,Developed,8772000,838000
2008,NDL,Developed,8915000,841000
2009,NDL,Developed,8839000,817000
2010,NDL,Developed,8779000,793000
2011,NDL,Developed,8855000,787000
2012,NDL,Developed,8837000,778000
2013,NDL,Developed,8733000,764000
2014,NDL,Developed,8725000,759000
2015,NDL,Developed,8808000,760000
2016,NDL,Developed,8943000,764000
2017,NDL,Developed,9157000,770000
2018,NDL,Developed,9396000,786000
2019,NDL,Developed,9576000,803000
2020,NA,NA,NA,NA
1950,NA,NA,21860.6294022741,NA
1951,NA,NA,22150.7895739187,NA
1952,NA,NA,22176.391942005,NA
1953,NA,NA,22327.1614429576,NA
1954,NA,NA,22684.6463603107,NA
1955,GBR,NA,22992823.0132013,NA
1956,GBR,NA,23189107.835196197,NA
1957,GBR,NA,23233674.9203834,NA
1958,GBR,NA,23020321.8529976,NA
1959,GBR,NA,23234623.1562385,NA
1960,GBR,NA,23631933.9795035,NA
1961,GBR,NA,23877527.065960903,NA
1962,GBR,NA,23964764.7646253,NA
1963,GBR,NA,24037778.925464,NA
1964,GBR,NA,24305181.4365875,NA
1965,GBR,NA,24495776.8434522,NA
1966,GBR,NA,24602927.4950726,NA
1967,GBR,NA,24234063.747458898,NA
1968,GBR,NA,24092776.6050568,NA
1969,GBR,NA,24098466.020187102,NA
1970,GBR,Developed,24044416.576449398,7954929.244787061
1971,GBR,Developed,24035882.4537539,7753829.914111391
1972,GBR,Developed,24016308.4625867,7449679.682641731
1973,GBR,Developed,24453787.1651735,7546727.61834093
1974,GBR,Developed,24452808.4656151,7693800.26316343
1975,GBR,Developed,24433234.474447902,7397653.9851535
1976,GBR,Developed,24260004.6526183,7230571.45668168
1977,GBR,Developed,24270770.3477602,7206559.5963025
1978,GBR,Developed,24355917.2093375,7033474.102735889
1979,GBR,Developed,24600592.098927397,6853385.149892011
1980,GBR,Developed,24551657.1210095,6465193.4070952
1981,GBR,Developed,23909630.2107256,5755843.03172682
1982,GBR,Developed,23440833.1222713,5344639.9227333
1983,GBR,Developed,23268582,5076507.48183241
1984,GBR,Developed,23763167,5069504.02255515
1985,GBR,Developed,24282420,4937438.79046964
1986,GBR,Developed,24389613,4887414.0813463405
1987,GBR,Developed,24816289,4829385.41876331
1988,GBR,Developed,25659511,4884412.59879894
1989,GBR,Developed,26555603,4889415.06971127
1990,GBR,Developed,26782559,4800371.0874718
1991,GBR,Developed,26206898,4492218.87927227
1992,GBR,Developed,25765518,4316131.90315826
1993,GBR,Developed,25477912,3819976.83313155
1994,GBR,Developed,25676901,4366156.61228156
1995,GBR,Developed,25989437,3996450
1996,GBR,Developed,26280694,4052810
1997,GBR,Developed,26744300,4058520
1998,GBR,Developed,27050838,4034060
1999,GBR,Developed,26874465,3882780
2000,GBR,Developed,27263921,3747470
2001,GBR,Developed,27536388,3568420
2002,GBR,Developed,27731266,3395970
2003,GBR,Developed,28041755,3205980
2004,GBR,Developed,28302250,3074350
2005,GBR,Developed,28738679,2935770
2006,GBR,Developed,29040689,2860400
2007,GBR,Developed,29260665,2783980
2008,GBR,Developed,29520151,2708440
2009,GBR,Developed,29058682,2535200
2010,GBR,Developed,29124976,2475760
2011,GBR,Developed,29282111,2464300
2012,GBR,Developed,29595675,2483740
2013,GBR,Developed,29953662,2465950
2014,GBR,Developed,30671403,2480060
2015,GBR,Developed,31197096,2503610
2016,GBR,Developed,31647747,2495090
2017,GBR,Developed,31965339,2532110
2018,GBR,Developed,32354069,2570760
2019,GBR,Developed,32694769,2542750
2020,NA,NA,NA,NA
1950,NA,NA,NA,NA
1951,NA,NA,NA,NA
1952,NA,NA,NA,NA
1953,NA,NA,NA,NA
1954,NA,NA,NA,NA
1955,SWE,NA,NA,NA
1956,SWE,NA,NA,NA
1957,SWE,NA,NA,NA
1958,SWE,NA,NA,NA
1959,SWE,NA,NA,NA
1960,SWE,NA,NA,NA
1961,SWE,NA,NA,NA
1962,SWE,NA,NA,NA
1963,SWE,NA,NA,NA
1964,SWE,NA,NA,NA
1965,SWE,NA,NA,NA
1966,SWE,NA,NA,NA
1967,SWE,NA,NA,NA
1968,SWE,NA,NA,NA
1969,SWE,NA,NA,NA
1970,SWE,Developed,4037393.66162847,1075224.34337052
1971,SWE,Developed,4019391.90638713,1054854.41418672
1972,SWE,Developed,4012391.22379327,1038511.09891134
1973,SWE,Developed,4018391.80887372,1056749.2913201
1974,SWE,Developed,4072397.07459776,1083514.43082904
1975,SWE,Developed,4160405.6557776704,1096186.4216584999
1976,SWE,Developed,4223411.79912238,1094173.11470429
1977,SWE,Developed,4244413.84690395,1055328.13347006
1978,SWE,Developed,4285417.84495368,1019443.89775674
1979,SWE,Developed,4343423.50073135,1017667.4504442
1980,SWE,Developed,4397428.7664553905,1010206.37173153
1981,SWE,Developed,4391428.18137494,977638.171001613
1982,SWE,Developed,4370426.133593369,934055.996933945
1983,SWE,Developed,4359425.060945881,903027.3838749
1984,SWE,Developed,4407429.74158947,907053.997783325
1985,SWE,Developed,4456434.51974647,909422.594200047
1986,SWE,Developed,4487437.54266212,908356.725812522
1987,SWE,Developed,4482437.055095079,908830.445095866
1988,SWE,Developed,4543443.00341297,898290.191041458
1989,SWE,Developed,4618450.31691858,889289.524657917
1990,SWE,Developed,4627451.19453925,901192.905950149
1991,SWE,Developed,4543443.00341297,832614.9338968251
1992,SWE,Developed,4324421.6479766,748556.99996202
1993,SWE,Developed,4102399.9999999995,686000
1994,SWE,Developed,4063300,682700
1995,SWE,Developed,4129100.0000000005,724300
1996,SWE,Developed,4095900,722800
1997,SWE,Developed,4043400,721600
1998,SWE,Developed,4111899.9999999995,738700
1999,SWE,Developed,4197800,735000
2000,SWE,Developed,4300800,738300
2001,SWE,Developed,4391600,751700
2002,SWE,Developed,4393300,732400
2003,SWE,Developed,4368200,698300
2004,SWE,Developed,4337800,668200
2005,SWE,Developed,4341800,659800
2006,SWE,Developed,4421200,653600
2007,SWE,Developed,4524500,668700
2008,SWE,Developed,4555900,665700
2009,SWE,Developed,4460800,604000
2010,SWE,Developed,4489300,592600
2011,SWE,Developed,4593400,601000
2012,SWE,Developed,4627300,589600
2013,SWE,Developed,4672000,576700
2014,SWE,Developed,4737400,569700
2015,SWE,Developed,4807500,558000
2016,SWE,Developed,4896500,547700
2017,SWE,Developed,5016600,560600
2018,SWE,Developed,5097700,574900
2019,SWE,Developed,5128300,570700
2020,NA,NA,NA,NA
1929,TWN,NA,NA,NA
1930,TWN,NA,NA,NA
1931,TWN,NA,NA,NA
1932,TWN,NA,NA,NA
1933,TWN,NA,NA,NA
1934,TWN,NA,NA,NA
1935,TWN,NA,NA,NA
1936,TWN,NA,NA,NA
1937,TWN,NA,NA,NA
1938,TWN,NA,NA,NA
1939,TWN,NA,NA,NA
1940,TWN,NA,NA,NA
1941,TWN,NA,NA,NA
1942,TWN,NA,NA,NA
1943,TWN,NA,NA,NA
1944,TWN,NA,NA,NA
1945,TWN,NA,NA,NA
1946,TWN,NA,NA,NA
1947,TWN,NA,NA,NA
1948,TWN,NA,NA,NA
1949,TWN,NA,NA,NA
1950,TWN,NA,NA,NA
1951,TWN,NA,NA,NA
1952,TWN,NA,NA,NA
1953,TWN,NA,NA,NA
1954,TWN,NA,NA,NA
1955,TWN,NA,NA,NA
1956,TWN,NA,NA,NA
1957,TWN,NA,NA,NA
1958,TWN,NA,NA,NA
1959,TWN,NA,NA,NA
1960,TWN,NA,NA,NA
1961,TWN,NA,NA,NA
1962,TWN,NA,NA,NA
1963,TWN,NA,NA,NA
1964,TWN,NA,NA,NA
1965,TWN,NA,NA,NA
1966,TWN,NA,NA,NA
1967,TWN,NA,NA,NA
1968,TWN,NA,NA,NA
1969,TWN,NA,NA,NA
1970,TWN,East Asia,NA,NA
1971,TWN,East Asia,NA,NA
1972,TWN,East Asia,NA,NA
1973,TWN,East Asia,NA,1481083.13008141
1974,TWN,East Asia,NA,1500268.03669522
1975,TWN,East Asia,NA,1454061.1321632
1976,TWN,East Asia,NA,1635788.89896818
1977,TWN,East Asia,NA,1763017.0487449
1978,TWN,East Asia,6231000,1916000
1979,TWN,East Asia,6431000,2083000
1980,TWN,East Asia,6547000,2152000
1981,TWN,East Asia,6672000,2162000
1982,TWN,East Asia,6810000,2168000
1983,TWN,East Asia,7069000,2282000
1984,TWN,East Asia,7307000,2497000
1985,TWN,East Asia,7428000,2501000
1986,TWN,East Asia,7734000,2635000
1987,TWN,East Asia,8023000,2821000
1988,TWN,East Asia,8107000,2802000
1989,TWN,East Asia,8259000,2796000
1990,TWN,East Asia,8283000,2653000
1991,TWN,East Asia,8439000,2598000
1992,TWN,East Asia,8633000,2585000
1993,TWN,East Asia,8746000,2483000
1994,TWN,East Asia,8939000,2485000
1995,TWN,East Asia,9044000,2449000
1996,TWN,East Asia,9067000,2422000
1997,TWN,East Asia,9175000,2570000
1998,TWN,East Asia,9288000,2611000
1999,TWN,East Asia,9384000,2603000
2000,TWN,East Asia,9491000,2655000
2001,TWN,East Asia,9383000,2594000
2002,TWN,East Asia,9454000,2572000
2003,TWN,East Asia,9573000,2600000
2004,TWN,East Asia,9785000,2681000
2005,TWN,East Asia,9942000,2732000
2006,TWN,East Asia,10112000,2777000
2007,TWN,East Asia,10295000,2842000
2008,TWN,East Asia,10404000,2886000
2009,TWN,East Asia,10279000,2790000
2010,TWN,East Asia,10493000,2861000
2011,TWN,East Asia,10709000,2949000
